GENDER;AGE;RAPM_PAP;ANALOGIES_PAP;CFT_PAP;CFT_COMP;RAPM_COMP;ANALOGIES_COMP;RAPM;ANALOGIES;CFT;FLUID_REASON_FACTOR_SCORES;MONITORING;MATCHING;COMPARING;MC;SSPAN;CSPAN;RT_RAPM;RT_ANALOGIES;RT_CFT;RT_MONIT;RT_MATCH;RT_COMPAR
F;27;0,61;0,5;0,78;0,39;0,61;0,39;0,61;0,44;0,58;-1,02;0,74;0,41;0,5;0,57;0,86;0,48;56,5;35,38;33,63;9,41;14,33;12,28
F;24;0,56;0,28;0,89;0,39;0,44;0,67;0,5;0,47;0,64;-1,05;0,8;0,5;0,52;0,33;0,73;0,24;62,51;36,71;31,53;10,32;12,83;9,69
F;25;0,94;0,94;0,83;0,89;1;1;0,97;0,97;0,86;2,2;1;0,89;0,96;0,59;0,96;0,86;58,48;32,31;33,89;6,65;12,69;9,49
M;24;0,94;0,72;0,83;0,78;0,89;0,72;0,92;0,72;0,81;1,24;0,84;0,84;0,92;0,96;0,96;0,51;59,97;46,9;22,79;7,9;13,89;10,88
F;24;0,94;0,83;0,83;0,72;0,83;0,67;0,89;0,75;0,78;1,15;0,9;0,82;0,84;0,64;0,96;0,86;65,23;45,78;43,93;;10,61;9,84
F;19;0,67;0,89;0,94;0,56;0,78;0,94;0,72;0,92;0,75;1,08;0,9;0,7;0,92;0,33;0,72;0,8;64,35;36,49;29,61;8,08;13,76;9,86
M;20;0,94;0,89;0,94;0,72;0,72;0,83;0,83;0,86;0,83;1,44;0,9;0,93;0,88;0,73;1;0,81;64,62;39,88;48,87;9,66;12,75;9,85
F;22;0,78;0,78;0,89;0,72;0,56;0,72;0,67;0,75;0,81;0,67;0,8;0,66;0,84;0,54;0,9;0,55;65,46;48,57;35,23;8,67;13,01;11,88
F;25;0,72;0,72;0,89;0,67;0,61;0,78;0,67;0,75;0,78;0,58;0,86;0,84;0,8;0,54;0,87;0,6;54,02;42,67;32,64;10,67;14,02;11,14
F;21;0,56;0,72;0,78;0,56;0,72;0,67;0,64;0,69;0,67;0,01;0,92;0,41;0,96;0,71;0,79;0,69;30;37,55;14,05;6,4;13,83;9,71
F;31;0,56;0,5;0,61;0,5;0,39;0,56;0,47;0,53;0,56;-1,2;0,66;0,55;0,62;0,52;0,7;0,54;37,41;29,7;16,07;8,89;12,69;10,83
F;29;0,39;0,67;0,67;0,5;0,72;0,67;0,56;0,67;0,58;-0,52;0,66;0,52;0,7;0,5;0,85;0,73;65,47;46,1;43,59;10,1;14,79;13,13
M;27;0,5;0,67;0,39;0,56;0,5;0,33;0,5;0,5;0,47;-1,47;0,8;0,36;0,88;0,45;0,68;0,27;65,11;45,91;46,73;10,58;15,86;11,9
M;22;0,89;0,83;0,78;0,72;0,83;0,72;0,86;0,78;0,75;1,07;0,96;0,75;0,88;0,74;1;0,87;65,24;48,07;43,13;9,21;13,49;10,14
F;31;0,56;0,39;0,17;0,67;0,56;0,5;0,56;0,44;0,42;-1,63;0,74;0,43;0,6;0,4;0,6;0,45;53,98;43,56;31,02;8,02;10,97;6,24
F;31;0,5;0,72;0,33;0,56;0,56;0,67;0,53;0,69;0,44;-0,97;0,86;0,59;0,74;0,45;0,82;0,48;55,94;40,92;22,49;8,62;12,42;9,02
M;25;0,61;0,78;0,72;0,72;0,67;0,72;0,64;0,75;0,72;0,32;0,96;0,75;0,82;0,3;0,8;0,62;65,58;48,44;50,53;7,92;13,31;10,4
M;32;0,61;0,72;0,17;0,67;0,5;0,56;0,56;0,64;0,42;-1,08;0,7;0,45;0,46;0,29;0,71;0,51;41,04;35,6;32,06;9,82;13,54;10,78
M;23;0,72;0,72;0,67;0,56;0,78;0,67;0,75;0,69;0,61;0,11;0,88;0,57;0,34;0,44;0,83;0,76;63,95;45,61;43,51;8,88;12,7;9,47
F;23;0,56;0,67;0,67;0,61;0,44;0,72;0,5;0,69;0,64;-0,45;0,86;0,59;0,84;0,51;0,69;0,52;62,05;47,16;33,96;7,32;13,01;9,98
F;23;0,83;0,83;0,5;0,56;0,67;0,56;0,75;0,69;0,53;-0,12;0,88;0,45;0,8;0,64;0,92;0,64;51,94;29,35;24,74;8,91;13,15;10,75
F;21;0,67;0,83;0,83;0,67;0,67;0,94;0,67;0,89;0,75;0,87;0,82;0,75;0,94;0,42;0,84;0,59;54,84;35,75;26,63;8,22;11,9;10,24
M;26;0,78;0,89;0,61;0,44;0,39;0,61;0,58;0,75;0,53;-0,4;0,78;0,7;0,9;0,32;0,87;0,67;31,52;26,87;17,48;7,65;11,39;9,71
M;19;0,61;0,72;0,67;0,72;0,5;0,56;0,56;0,64;0,69;-0,28;0,78;0,66;0,72;0,72;0,77;0,63;39,54;28,02;26,05;10,52;13,81;10,69
M;18;0,83;0,5;0,56;0,44;0,39;0,5;0,61;0,5;0,5;-1,1;0,74;0,55;0,42;0,26;0,93;0,58;34,61;24,68;21,94;10,5;12,61;8,5
F;25;0,78;0,83;0,67;0,67;0,72;0,67;0,75;0,75;0,67;0,46;0,76;0,68;0,44;0,28;0,76;0,59;60,38;33,17;31,68;6,34;13,24;10,25
M;32;0,67;0,94;0,72;0,72;0,72;0,83;0,69;0,89;0,72;0,83;0,86;0,82;0,84;0,52;0,79;0,43;61,64;47,09;34;8,4;11,54;10,41
F;26;0,5;0,44;0,44;0,56;0,56;0,28;0,53;0,36;0,5;-1,69;0,62;0,36;0,34;0,53;0,66;0,33;39,61;36,04;29,6;;14,36;11,71
F;27;0,67;0,89;0,72;0,83;0,89;0,89;0,78;0,89;0,78;1,25;0,82;0,7;0,82;0,56;0,79;0,59;62,86;42,77;33,5;10,43;15,37;11,46
F;22;0,44;0,33;0,56;0,61;0,61;0,83;0,53;0,58;0,58;-0,85;0,64;0,59;0,66;0,56;0,81;0,53;34,38;22,43;19,53;7,02;12,43;10,88
M;23;0,72;0,39;0,72;0,61;0,61;0,89;0,67;0,64;0,67;-0,05;0,77;0,68;0,66;0,8;0,98;0,43;65,42;42,84;54,08;;15;12,68
F;21;0,5;0,78;0,89;0,61;0,56;0,89;0,53;0,83;0,75;0,34;0,9;0,73;0,88;0,67;0,82;0,69;57,25;43,43;32,43;10,01;13,43;11,35
F;21;0,72;0,78;0,72;0,67;0,56;0,61;0,64;0,69;0,69;0,07;0,84;0,89;0,88;0,56;0,9;0,62;41,92;35,04;26,29;;11,9;11,12
M;21;0,78;0,83;0,78;0,67;0,61;0,83;0,69;0,83;0,72;0,67;0,96;0,61;0,98;0,54;0,96;0,46;62,09;39,33;42,35;8,24;14,15;9,62
F;31;0,28;0,5;0,39;0,17;0,33;0,61;0,31;0,56;0,28;-2,37;0,3;0,43;0,3;0,46;0,69;0,21;34,89;30,38;22,12;9,24;11,47;9,22
M;23;0,78;0,61;0,56;0,67;0,78;0,67;0,78;0,64;0,61;0,06;0,86;0,7;0,58;0,25;0,8;0,63;58,77;36,46;41,4;9,33;14,3;12,84
F;20;0,78;0,78;0,72;0,72;1;0,78;0,89;0,78;0,72;1,05;0,8;0,68;0,76;0,48;0,81;0,39;53,15;45,78;45,56;11,97;16,16;13,04
F;22;0,67;0,78;0,78;0,67;0,78;0,67;0,72;0,72;0,72;0,45;0,74;0,64;0,52;0,49;0,64;0,61;58,15;44,35;28,95;7,87;13,43;10,62
M;19;0,78;0,94;0,94;0,78;0,72;0,83;0,75;0,89;0,86;1,41;0,9;0,84;0,82;0,67;0,85;0,77;59,23;31,55;31,58;7,68;10,34;11,28
F;23;0,67;0,33;0,72;0,72;0,56;0,67;0,61;0,5;0,72;-0,44;0,72;0,57;0,74;0,32;0,72;0,45;63,76;29,94;47,85;8,74;13,45;11,96
F;20;0,72;0,89;0,56;0,61;0,67;0,67;0,69;0,78;0,58;0,12;0,68;0,68;0,72;0,72;0,9;0,78;47,4;43,03;27,37;6,72;12,09;9,23
F;24;0,67;0,89;0,72;0,56;0,83;0,83;0,75;0,86;0,64;0,67;0,8;0,73;0,88;0,54;0,72;0,55;60,05;39,64;44,04;9,13;13,74;9,66
M;27;0,61;0,83;0,44;0,39;0,67;0,78;0,64;0,81;0,42;-0,41;0,74;0,68;0,58;0,46;0,85;0,5;57,45;45,2;25,03;10,17;15,19;12,73
M;29;0,61;0,72;0,56;0,56;0,72;0,67;0,67;0,69;0,56;-0,24;0,9;0,68;0,92;0,82;0,91;0,71;37,13;41,67;36,7;7,37;14,38;11,51
F;24;0,78;0,94;0,83;0,83;0,83;0,94;0,81;0,94;0,83;1,61;0,86;0,77;0,88;0,39;0,77;0,76;64,72;47,36;42,27;10,43;16,11;11,52
M;21;0,67;0,83;0,61;0,83;0,5;0,67;0,58;0,75;0,72;0,16;0,8;0,84;0,9;0,66;0,98;0,73;63,9;36,95;27,62;8,83;13,21;9,68
M;20;0,78;0,94;0,83;0,83;0,78;1;0,78;0,97;0,83;1,62;0,86;0,89;0,9;0,75;0,92;0,97;60,12;46,07;42,22;10,41;13,17;12,33
M;28;0,67;0,67;0,72;0,72;0,61;0,72;0,64;0,69;0,72;0,16;0,78;0,7;0,48;0,2;0,82;0,61;65,4;46,89;33,91;11,64;16,24;13,69
F;25;0,61;0,67;0,61;0,44;0,33;0,67;0,47;0,67;0,53;-0,91;0,86;0,39;0,52;0,41;0,59;0,7;44,33;36,5;16,24;7,82;11,11;11,24
F;22;0,61;0,61;0,56;0,56;0,56;0,78;0,58;0,69;0,56;-0,48;0,76;0,3;0,66;0,32;0,86;0,74;64,56;46,16;23,14;;14,25;11,84
M;22;0,67;0,5;0,5;0,67;0,61;0,67;0,64;0,58;0,58;-0,56;0,82;0,59;0,7;0,58;0,88;0,35;65,49;48,44;48,96;9,23;16,17;12,68
F;23;0,83;0,83;0,83;0,61;0,83;0,78;0,83;0,81;0,72;0,98;0,86;0,73;0,8;0,39;0,97;0,62;37,53;30,77;26,35;8,47;13,23;11,54
F;24;0,5;0,56;0,44;0,61;0,5;0,61;0,5;0,58;0,53;-1,08;0,74;0,43;0,7;0,44;0,75;0,65;38,87;40,57;21,59;;13,06;10,63
M;22;0,5;0,72;0,67;0,44;0,56;0,67;0,53;0,69;0,56;-0,61;0,82;0,61;0,76;0,34;0,66;0,54;65,53;48,24;49,15;10,69;17,5;12,18
F;22;0,83;0,72;0,83;0,72;0,67;0,83;0,75;0,78;0,78;0,87;1;0,98;0,96;0,7;0,92;0,72;64,41;48,2;41,81;8,26;11,22;8,47
F;20;0,67;0,89;0,83;0,56;0,72;0,78;0,69;0,83;0,69;0,58;0,92;0,68;0,9;0,56;0,63;0,71;62,39;44,09;33,59;7,94;13,67;9,05
F;18;0,89;0,78;0,67;0,72;0,72;0,72;0,81;0,75;0,69;0,67;0,83;0,66;0,68;0,52;0,79;0,7;47,74;46,1;36,38;;14,41;9,6
F;18;0,72;0,89;0,5;0,61;0,56;0,72;0,64;0,81;0,56;0,01;0,7;0,59;0,68;0,42;0,72;0,51;65,56;38,1;21,75;8,27;11,13;10,93
F;21;0,83;0,78;0,5;0,67;0,67;0,78;0,75;0,78;0,58;0,27;0,86;0,57;0,54;0,21;0,75;0,42;65,21;46,16;23,12;9,88;12,27;11,26
M;19;0,89;0,83;0,83;0,67;0,67;0,67;0,78;0,75;0,75;0,77;0,86;0,91;0,84;0,36;0,88;0,29;53,23;23,37;19,69;8,41;11,34;10,32
M;20;0,67;0,56;0,56;0,72;0,56;0,5;0,61;0,53;0,64;-0,6;0,84;0,59;0,78;0,45;0,74;0,55;62,56;41,93;38,47;9,41;17,07;12,01
M;21;0,67;0,83;0,78;0,72;0,61;0,83;0,64;0,83;0,75;0,63;0,86;0,77;0,82;0,62;0,82;0,59;27,15;27,1;16,06;9,05;11,33;10,34
M;19;0,78;0,78;0,78;0,78;0,72;0,89;0,75;0,83;0,78;1;0,9;0,8;0,84;0,53;0,92;0,84;63,38;47,15;44,75;8,59;14,01;10,6
F;23;0,61;0,67;0,67;0,61;0,44;0,67;0,53;0,67;0,64;-0,42;0,84;0,64;0,52;0,44;0,7;0,37;35,14;27,19;28,5;8,22;15,43;10,73
M;20;0,67;0,83;0,89;0,72;0,67;0,78;0,67;0,81;0,81;0,83;0,86;0,86;0,74;0,62;0,64;0,69;63,92;44,65;44,03;8,9;14,29;11,33
F;22;0,72;1;0,67;0,83;0,78;0,67;0,75;0,83;0,75;0,92;0,82;0,82;0,84;0,65;0,77;0,56;63,06;43,08;44,43;8,98;12,35;10,51
F;21;0,83;0,67;0,61;0,61;0,67;0,61;0,75;0,64;0,61;-0,02;0,9;0,73;0,9;0,5;0,78;0,53;65,34;47,82;39,94;10,08;12,73;11,27
M;23;0,83;0,78;0,78;0,72;0,89;1;0,86;0,89;0,75;1,37;0,72;0,77;0,92;0,56;0,67;0,67;44,74;33,89;27,27;10,5;10,84;11,37
M;27;0,78;0,83;0,5;0,78;0,94;0,83;0,86;0,83;0,64;0,87;0,92;0,7;0,9;0,74;1;0,86;50,51;41,07;44,02;8,55;13,16;11,39
F;27;0,61;0,78;0,78;0,72;0,61;0,78;0,61;0,78;0,75;0,41;0,8;0,73;0,76;0,37;0,79;0,52;62,44;43,1;41,23;7,9;12,02;10,48
M;27;0,72;0,89;0,61;0,44;0,67;0,78;0,69;0,83;0,53;0,1;0,82;0,75;0,7;0,51;0,89;0,71;61,85;46,85;46,28;10,02;11,67;10,84
F;24;0,22;0,67;0,39;0,44;0,5;0,39;0,36;0,53;0,42;-1,91;0,58;0,5;0,58;0,39;0,74;0,47;49,36;44,3;35,78;7,89;13,03;11,57
F;19;0,5;0,33;0,67;0,44;0,44;0,28;0,47;0,31;0,56;-1,8;0,3;0,39;0,36;0,26;0,65;0,47;63,35;42,1;45,5;8,8;13,3;12,15
M;25;0,28;0,67;0,78;0,78;0,72;0,72;0,5;0,69;0,78;-0,03;0,7;0,86;0,76;0,5;0,71;0,52;60,88;46,64;41,03;10,86;10,97;11,66
F;25;0,72;0,94;0,83;0,61;0,67;0,56;0,69;0,75;0,72;0,45;0,82;0,5;0,86;0,44;0,82;0,28;56,86;35,83;24,02;7,93;12,67;11,78
M;26;0,78;0,83;0,61;0,61;0,67;0,78;0,72;0,81;0,61;0,37;0,79;0,45;0,66;0,35;0,69;0,41;65,59;46;40,27;;15,86;10,77
M;21;0,67;0,89;0,83;0,67;0,78;0,78;0,72;0,83;0,75;0,84;0,88;0,77;0,8;0,68;0,94;0,66;64,12;39,56;43,91;7,67;14,75;11,57
F;19;0,5;0,89;0,61;0,67;0,67;0,78;0,58;0,83;0,64;0,14;0,72;0,59;0,7;0,63;0,91;0,81;64,7;41,76;45,21;8,74;13,03;9,72
F;20;0,89;0,78;0,61;0,67;0,72;0,67;0,81;0,72;0,64;0,44;0,92;0,8;0,96;0,5;0,8;0,18;35,45;39,45;18,41;8,57;12,32;9,17
F;26;0,78;0,78;0,61;0,56;0,61;0,89;0,69;0,83;0,58;0,25;0,9;0,61;0,92;0,5;0,75;0,53;58,73;40,68;21,7;10,39;15,93;11,92
M;23;0,39;0,56;0,39;0,28;0,44;0,39;0,42;0,47;0,33;-2,18;0,4;0,3;0,68;0,35;0,68;0,43;27,61;25,42;21,9;8,07;11,48;10,64
M;24;0,72;0,78;0,72;0,61;0,72;0,67;0,72;0,72;0,67;0,3;0,74;0,89;0,74;0,67;0,98;0,51;59;46,01;31,91;10,18;10,92;10,93
F;21;0,56;0,67;0,5;0,52;0,61;0,56;0,58;0,61;0,51;-0,84;0,77;0,55;0,72;0,57;0,82;0,62;33,52;19,62;;;12,05;11,05
M;31;0,78;0,67;0,44;0,5;0,44;0,56;0,61;0,61;0,47;-0,89;0,9;0,73;0,62;0,41;0,69;0,64;55,11;45,75;18,96;10,15;16,11;13,85
M;21;0,94;0,78;0,72;0,78;0,78;0,94;0,86;0,86;0,75;1,28;0,94;0,89;0,92;0,62;0,9;0,7;65,54;46,52;46,2;6,28;14,37;10,64
F;20;0,83;0,89;0,61;0,67;0,72;0,83;0,78;0,86;0,64;0,75;0,92;0,55;0,82;0,34;0,99;0,56;62,5;46,72;56,79;9,1;14;9,58
F;20;0,72;0,78;0,78;0,78;0,78;0,83;0,75;0,81;0,78;0,95;0,92;0,8;0,92;0,4;0,9;0,71;51,53;36,01;41,3;10,12;10,3;9,41
F;23;0,67;0,5;0,72;0,78;0,61;0,72;0,64;0,61;0,75;0,03;0,86;0,66;0,64;0,53;0,69;0,73;61,94;46,49;40,28;9,41;12,92;11,56
F;21;0,61;0,94;0,5;0,56;0,33;0,61;0,47;0,78;0,53;-0,61;0,52;0,8;0,76;0,1;0,67;0,31;40,65;38,4;22,03;11,98;13,14;12,4
F;19;0,89;0,89;0,89;0,83;0,67;0,83;0,78;0,86;0,86;1,4;0,98;0,98;0,96;0,67;0,96;0,63;36,93;35,08;23,41;9,69;10,02;7,48
F;20;0,67;0,5;0,72;0,72;0,72;0,56;0,69;0,53;0,72;-0,15;0,92;0,59;0,88;0,57;0,9;0,56;63,44;36,63;23,83;9,01;13,21;10,47
F;26;0,56;0,61;0,56;0,61;0,56;0,56;0,56;0,58;0,58;-0,77;0,82;0,61;0,52;0,33;0,81;0,66;21,2;23,16;13,67;10,35;13,48;12,12
F;24;0,61;0,78;0,78;0,56;0,5;0,72;0,56;0,75;0,67;-0,04;0,78;0,66;0,84;0,4;0,73;0,76;49,63;32,48;21,44;9,53;12,66;10,32
F;24;0,56;0,61;0,78;0,78;0,61;0,72;0,58;0,67;0,78;0,12;0,98;0,73;0,92;0,6;0,76;0,54;30,87;33,09;30,53;9;15,17;11,49
F;21;0,39;0,22;0,39;0,33;0,39;0,67;0,39;0,44;0,36;-2,25;0,64;0,43;0,44;0,49;0,43;0,4;24,3;19,09;24,92;5,94;8,78;8,12
F;22;0,83;0,89;0,56;0,83;0,67;0,5;0,75;0,69;0,69;0,35;0,92;0,75;0,98;0,56;0,94;0,71;47,33;36,67;37,68;8,71;13,32;10,71
M;21;0,61;0,83;0,72;0,5;0,61;0,89;0,61;0,86;0,61;0,22;0,6;0,68;0,78;0,73;0,74;0,54;54,34;40,34;33,94;9,19;17,21;11,25
M;23;0,83;0,78;0,83;0,83;0,78;0,72;0,81;0,75;0,83;1,09;0,96;0,77;0,92;0,56;0,94;0,77;57,75;43,59;32,18;8,61;12,94;10,51
F;19;0,67;0,67;0,89;0,61;0,56;0,83;0,61;0,75;0,75;0,33;0,82;0,45;0,78;0,49;0,8;0,54;60,26;35,21;35,66;8,78;13,71;10,84
M;22;0,72;0,78;0,83;0,56;0,56;1;0,64;0,89;0,69;0,61;0,92;0,73;0,86;0,2;0,8;0,76;63,83;43,9;29,25;9,17;14,16;9,58
F;23;0,89;0,94;0,78;0,72;0,78;0,83;0,83;0,89;0,75;1,29;0,88;0,64;0,92;0,63;0,89;0,33;59,76;46,87;41,06;9,79;15,63;9,61
F;23;0,83;0,78;0,78;0,67;0,61;0,72;0,72;0,75;0,72;0,53;0,86;0,61;0,8;0,2;0,86;0,24;54,78;34,21;28,57;9,87;13,71;11,26
F;24;0,89;0,61;0,83;0,44;0,72;0,78;0,81;0,69;0,64;0,36;0,87;0,73;0,88;0,43;0,64;0,52;64,48;48,44;26,99;;11,55;11,65
F;23;0,83;0,94;0,72;0,56;0,78;0,83;0,81;0,89;0,64;0,91;0,87;0,59;0,82;0,76;0,8;0,55;39,67;28,33;27,71;;12,86;10,07
M;22;0,78;0,72;0,83;0,83;0,72;0,78;0,75;0,75;0,83;0,93;0,92;0,8;0,78;0,66;0,93;0,78;65,5;48,41;50,4;9,96;17,03;12,76
M;18;0,61;0,72;0,5;0,61;0,72;0,67;0,67;0,69;0,56;-0,24;0,88;0,55;0,72;0,61;0,82;0,7;65,49;47,24;34,51;10,01;17,31;10,96
F;22;0,61;0,5;0,61;0,61;0,61;0,56;0,61;0,53;0,61;-0,69;0,8;0,89;0,82;0,6;0,84;0,37;20,75;19,21;15,82;8,6;11,13;8,9
M;19;0,94;0,89;0,89;1;0,94;0,89;0,94;0,89;0,94;2,14;0,94;0,89;0,9;0,76;0,95;0,59;50,26;43,75;45,32;9,05;13,09;11,33
F;19;0,56;0,67;0,56;0,61;0,67;0,72;0,61;0,69;0,58;-0,34;0,76;0,3;0,78;0,35;0,76;0,55;53,6;47,31;33,63;10,12;12,92;11,43
M;22;0,89;0,94;0,72;0,89;0,94;0,94;0,92;0,94;0,81;1,84;0,98;0,95;0,94;0,96;1;0,88;65,31;43,67;35,9;7,6;14,54;11,53
F;21;0,44;0,5;0,39;0,22;0,39;0,22;0,42;0,36;0,31;-2,54;0,71;0,55;0,74;0,5;0,77;0,49;27,81;25,45;11,9;;12,81;12,17
F;23;0,22;0,67;0,44;0,5;0,28;0,78;0,25;0,72;0,47;-1,52;0,34;0,59;0,44;0,4;0,77;0,53;28,07;26,67;16,71;6,6;11,22;9,71
F;26;0,56;0,89;0,78;0,67;0,72;0,78;0,64;0,83;0,72;0,54;0,82;0,41;0,8;0,44;0,61;0,55;54,36;38,43;44,13;8,72;11,73;11,27
F;22;0,94;0,72;0,89;0,78;0,83;0,89;0,89;0,81;0,83;1,46;0,84;0,8;0,74;0,64;0,82;0,82;37,45;35,3;27,29;9,05;11,11;11,02
F;19;0,61;0,56;0,56;0,33;0,44;0,61;0,53;0,58;0,44;-1,27;0,66;0,39;0,74;0,43;0,76;0,64;28,33;33,99;19,35;9,75;9,39;11,31
M;19;0,67;0,72;0,56;0,61;0,67;0,78;0,67;0,75;0,58;-0,02;0,84;0,36;0,56;0,53;0,85;0,61;57,99;38,95;24,93;9,49;13,07;11,59
F;20;0,89;0,94;0,89;0,83;0,89;0,72;0,89;0,83;0,86;1,61;0,98;0,68;0,96;0,7;0,89;0,49;43,07;31,13;22,34;6,27;12,89;8,39
F;20;0,33;0,72;0,56;0,44;0,61;0,61;0,47;0,67;0,5;-1;0,74;0,41;0,58;0,22;0,74;0,63;33,86;29,1;16,75;9,38;9,31;10,45
F;23;0,72;0,61;0,56;0,56;0,5;0,67;0,61;0,64;0,56;-0,54;0,8;0,64;0,8;0,52;0,87;0,63;41,96;37,21;39,56;;11,69;10,38
F;22;0,33;0,39;0,67;0,5;0,22;0,5;0,28;0,44;0,58;-1,88;0,58;0,52;0,36;0,22;0,74;0,53;29,48;35,54;18,53;;11;6,09
F;24;0,89;0,83;0,89;0,83;0,89;0,89;0,89;0,86;0,86;1,69;0,94;0,95;0,98;0,87;0,83;0,72;58,88;34,41;26,76;7,34;12,18;8,26
M;31;0,44;0,5;0,5;0,5;0,33;0,44;0,39;0,47;0,5;-1,75;0,78;0,57;0,52;0,64;0,59;0,63;26,73;18,92;13,37;8,93;13,67;12,17
M;22;0,94;0,89;0,89;0,72;0,83;0,89;0,89;0,89;0,81;1,62;0,8;0,77;0,94;0,82;1;0,85;35,42;36,91;22,46;8,63;10,78;9,98
F;25;0,78;0,83;0,5;0,67;0,67;0,67;0,72;0,75;0,58;0,11;0,8;0,64;0,86;0,76;0,85;0,74;38,79;33,69;24,62;11,21;14,2;11,53
F;26;0,67;0,56;0,61;0,67;0,5;0,5;0,58;0,53;0,64;-0,68;0,64;0,55;0,72;0,33;0,63;0,31;45;36,94;27,99;7,41;16,12;11,66
F;27;0,33;0,78;0,44;0,56;0,44;0,61;0,39;0,69;0,5;-1,15;0,8;0,73;0,82;0,58;0,75;0,68;29,57;28,47;22,78;8,96;13,91;10,5
F;24;0,61;0,72;0,89;0,5;0,72;0,67;0,67;0,69;0,69;0,14;0,76;0,75;0,88;0,21;0,78;0,54;63,91;35,49;23,97;8,52;12,43;9,22
M;21;0,89;0,67;0,61;0,72;0,83;0,61;0,86;0,64;0,67;0,44;0,74;0,8;0,54;0,54;0,79;0,4;65,56;47,79;32,5;10,95;15,22;13,89
F;19;0,67;0,61;0,56;0,72;0,39;0,78;0,53;0,69;0,64;-0,37;0,84;0,68;0,78;0,39;0,68;0,42;42,04;30,05;22,23;8,64;12;11,78
F;24;0,78;0,94;0,83;0,67;1;0,94;0,89;0,94;0,75;1,58;0,93;0,84;0,9;0,56;0,89;0,83;58;33,28;34,26;;13,29;9,02
F;21;0,83;0,83;0,67;0,78;0,72;0,78;0,78;0,81;0,72;0,85;0,88;0,75;0,96;0,4;0,73;0,79;61,79;39,67;26,08;6,89;12,21;10,02
F;20;0,56;0,78;0,72;0,72;0,61;0,83;0,58;0,81;0,72;0,33;0,84;0,59;0,52;0,53;0,69;0,6;63,21;42,78;26,65;9;14,44;11,94
M;19;0,83;0,72;0,78;0,72;0,72;0,83;0,78;0,78;0,75;0,86;0,78;0,66;0,68;0,66;0,74;0,55;47,4;40,31;26,3;10,96;14,09;13,1
M;29;0,61;0,72;0,44;0,44;0,33;0,5;0,47;0,61;0,44;-1,34;0,76;0,25;0,28;0,58;0,73;0,59;52,01;47,73;26,37;9,41;14,49;12,57
F;27;0,83;0,61;0,67;0,39;0,44;0,61;0,64;0,61;0,53;-0,63;0,82;0,68;0,82;0,3;0,75;0,26;65,16;27,12;21,11;9,98;12,01;10,77
M;26;0,22;0,39;0,33;0,33;0,28;0,39;0,25;0,39;0,33;-2,84;0,62;0,27;0,4;0,31;0,76;0,45;20,41;19,68;12,92;9,7;12,07;12,9
F;27;0,56;0,61;0,61;0,44;0,33;0,72;0,44;0,67;0,53;-0,99;0,72;0,52;0,66;0;0,71;0,61;52,95;45,8;22,75;9,47;12,58;10,32
F;22;0,72;0,33;0,78;0,56;0,44;0,67;0,58;0,5;0,67;-0,67;0,68;0,36;0,48;0,43;0,79;0,32;25,17;34,95;29,64;;11,69;9,89
F;21;0,78;0,94;0,67;0,78;0,78;0,94;0,78;0,94;0,72;1,21;0,9;0,84;0,86;0,6;0,86;0,7;64,54;44,39;23,48;7,35;12,4;9,97
F;22;0,61;0,67;0,56;0,72;0,72;0,61;0,67;0,64;0,64;-0,14;0,72;0,43;0,46;0,54;0,64;0,66;38,49;27,01;21,37;;13,14;10,54
F;19;0,78;0,89;0,78;0,83;0,67;0,83;0,72;0,86;0,81;1,1;0,87;0,7;0,88;0,75;0,79;0,55;55,48;35,93;17,68;;12,07;10,18
F;21;0,94;1;0,83;0,78;0,83;1;0,89;1;0,81;1,92;0,88;0,93;0,96;0,44;0,92;0,81;36,82;24,62;24,26;8,38;12,25;9,77
F;27;0,39;0,5;0,78;0,5;0,39;0,5;0,39;0,5;0,64;-1,25;0,68;0,5;0,62;0,5;0,59;0,82;58,32;41,49;36,12;8;16,76;11,38
F;24;0,56;0,83;0,67;0,33;0,5;0,44;0,53;0,64;0,5;-0,92;0,72;0,55;0,58;0,47;0,72;0,82;40,41;35,13;16,64;9,28;12,41;10,1
M;29;0,56;0,39;0,5;0,33;0,39;0,44;0,47;0,42;0,42;-1,92;0,62;0,45;0,28;0,3;0,84;0,63;55,68;19,77;19,93;8,81;13,23;11,22
M;24;0,94;0,94;0,78;0,72;0,83;0,94;0,89;0,94;0,75;1,58;0,94;0,89;0,98;0,63;0,98;0,69;47,36;30,48;21,24;8,3;11,39;9,92
F;19;0,56;0,56;0,56;0,39;0,39;0,67;0,47;0,61;0,47;-1,25;0,42;0,68;0,42;0,62;0,64;0,67;41,77;40,53;43,72;7,64;13,16;7,24
F;19;0,5;0,67;0,61;0,67;0,5;0,5;0,5;0,58;0,64;-0,75;0,52;0,64;0,46;0,59;0,84;0,68;36,52;33,25;42,36;5,38;11,79;8,91
M;22;0,5;0,89;0,78;0,67;0,56;0,67;0,53;0,78;0,72;0,12;0,84;0,7;0,6;0,43;0,91;0,63;62,86;46,76;37,35;10,52;12,06;12,58
F;23;0,83;0,78;0,67;0,67;0,78;0,78;0,81;0,78;0,67;0,7;0,94;0,61;0,76;0,67;0,65;0,59;41,78;40,07;25,39;8,36;12,06;10,71
F;24;0,78;0,78;0,72;0,61;0,56;0,78;0,67;0,78;0,67;0,33;0,85;0,66;0,88;0,66;0,63;0,49;39,72;27,88;29,82;;13,21;10,86
F;19;0,72;0,72;0,78;0,5;0,56;0,56;0,64;0,64;0,64;-0,22;0,75;0,66;0,62;0,36;0,64;0,46;46,92;35,16;26,42;;14,51;10,67
F;21;0,44;0,61;0,67;0,5;0,11;0,67;0,28;0,64;0,58;-1,34;0,73;0,5;0,86;0,06;0,85;0,36;23,68;45,11;31,45;;12,2;9,36
F;20;0,83;0,94;0,78;0,89;0,56;0,72;0,69;0,83;0,83;1;0,74;0,82;0,58;0,46;0,95;0,86;39,24;35,89;24,32;8,86;12,05;10,8
M;24;0,44;0,44;0,5;0,39;0,44;0,28;0,44;0,36;0,44;-2,1;0,7;0,59;0,62;0,18;0,85;0,54;49,5;31,05;27,43;9,92;12,76;11,75
F;23;0,83;0,89;0,78;0,72;0,83;0,83;0,83;0,86;0,75;1,21;0,89;0,82;0,84;0,57;0,93;0,76;56,29;35,74;34;;12,27;10,86
F;23;0,72;0,78;0,67;0,67;0,72;0,83;0,72;0,81;0,67;0,54;0,92;0,89;0,9;0,66;0,84;0,83;63,46;40,57;35,32;8,13;13,32;9,91
M;23;0,61;0,78;0,83;0,78;0,72;0,56;0,67;0,67;0,81;0,45;0,86;0,59;0,82;0,47;0,99;0,43;65,35;29,59;35,39;6,87;11,39;9,49
M;23;0,39;0,44;0,83;0,83;0,78;0,67;0,58;0,56;0,83;-0,03;0,78;0,84;0,76;0,47;0,95;0,62;65,59;41,57;26,34;;10,59;8,06
F;21;0,72;0,94;0,83;0,83;0,72;0,67;0,72;0,81;0,83;1,02;0,78;0,75;0,84;0,57;0,86;0,86;65,39;42,04;20,4;8,61;13,37;9,32
F;20;0,67;0,56;0,83;0,61;0,5;0,89;0,58;0,72;0,72;0,08;0,84;0,57;0,74;0,79;0,81;0,74;62,5;38,69;32,11;8,16;16,42;11,75
F;24;0,56;0,67;0,56;0,56;0,67;0,67;0,61;0,67;0,56;-0,45;0,82;0,57;0,86;0,46;0,84;0,6;56,29;27,97;21,89;;11,14;9,58
M;20;0,94;1;0,83;0,78;0,83;0,78;0,89;0,89;0,81;1,62;0,38;0,93;0,92;0,39;0,9;0,62;62,62;37,76;34,03;9,53;9,91;9,27
F;21;0,44;0,61;0,83;0,72;0,61;0,56;0,53;0,58;0,78;-0,25;0,76;0,61;0,72;0,46;0,9;0,24;18,44;20,13;13,62;6,49;10,32;10,17
M;22;0,72;0,89;0,67;0,56;0,61;0,61;0,67;0,75;0,61;0,07;0,8;0,84;0,78;0,58;0,82;0,44;36,81;34,15;32,52;10,61;13,45;10,27
F;19;0,72;0,78;0,78;0,89;0,72;0,67;0,72;0,72;0,83;0,77;0,68;0,55;0,84;0,83;0,83;0,67;42,39;29;17,3;8,51;14,6;10,08
F;22;0,72;0,56;0,78;0,78;0,5;0,56;0,61;0,56;0,78;-0,1;0,86;0,3;0,76;0,39;0,63;0,49;64,29;47,2;39,35;11,22;14,73;12,28
F;28;0,61;0,67;0,5;0,67;0,44;0,61;0,53;0,64;0,58;-0,69;0,88;0,59;0,44;0,47;0,76;0,37;36,45;37,27;37,1;8,24;12,24;6,2
F;18;0,61;0,78;0,72;0,61;0,89;0,83;0,75;0,81;0,67;0,62;0,84;0,66;0,88;0,64;0,87;0,3;64,37;44,17;42,79;11,94;14,74;12,12
F;22;0,78;0,83;0,61;0,67;0,67;0,94;0,72;0,89;0,64;0,67;0,94;0,7;0,9;0,47;0,91;0,66;65,25;37,17;26,02;8,29;10,87;10,48
F;21;0,39;0,61;0,61;0,67;0,39;0,39;0,39;0,5;0,64;-1,25;0,22;0,5;0,38;0,52;0,8;0,59;28,74;16,37;23,81;7,01;10,25;8,16
F;25;0,67;0,56;0,67;0,28;0,56;0,33;0,61;0,44;0,47;-1,35;0,72;0,41;0,4;0,22;0,64;0,58;62,29;46,77;38,81;9,89;12,68;12,73
F;23;0,61;0,67;0,56;0,44;0,56;0,72;0,58;0,69;0,5;-0,66;0,82;0,66;0,82;0,67;0,81;0,43;40,64;37,12;23,29;8,89;15,28;10,27
F;23;0,83;0,72;0,72;0,83;0,67;0,72;0,75;0,72;0,78;0,7;0,86;0,84;0,96;0,51;0,81;0,57;52,84;39,29;26,67;9,89;14,13;10,24
F;21;0,44;0,72;0,44;0,56;0,61;0,67;0,53;0,69;0,5;-0,79;0,75;0,55;0,7;0,46;0,57;0,49;64,44;47,18;31,12;;12,98;10,54
M;22;0,61;0,83;0,44;0,56;0,89;0,67;0,75;0,75;0,5;-0,05;0,87;0,77;0,92;0,49;0,8;0,39;62,5;43,83;29,73;;11;9,13
F;19;0,56;0,89;0,56;0,56;0,72;0,94;0,64;0,92;0,56;0,31;0,79;0,68;0,7;0,44;0,85;0,45;42,4;37,86;22,06;;11,73;8,2
F;28;0,56;0,72;0,44;0,61;0,61;0,61;0,58;0,67;0,53;-0,62;0,72;0,61;0,74;0,26;0,83;0,41;65,54;42,76;37,14;8,78;13,38;10,11
F;22;0,94;0,89;0,78;0,56;0,78;0,83;0,86;0,86;0,67;1,05;0,92;0,73;0,9;0,7;0,93;0,82;30,2;26,13;16,95;;8,61;7,06
M;21;0,78;0,89;0,67;0,72;0,89;0,78;0,83;0,83;0,69;0,95;0,82;0,82;0,94;0,86;0,92;0,87;59,03;48,35;39,71;8,49;13,1;11,13
F;21;0,72;0,94;0,61;0,61;0,78;0,56;0,75;0,75;0,61;0,28;0,74;0,59;0,46;0,52;0,75;0,51;51,74;44,03;36,1;;12,66;9,43
F;21;0,56;0,67;0,61;0,67;0,5;0,72;0,53;0,69;0,64;-0,37;0,4;0,52;0,8;0,54;0,8;0,17;64,75;43,53;40,37;10,83;15,24;9,86
F;21;0,72;0,83;0,78;0,67;0,72;0,83;0,72;0,83;0,72;0,75;0,78;0,57;0,84;0,45;0,89;0,57;41,53;39,64;23,53;7,92;11,9;10,58
F;22;0,61;0,67;0,72;0,67;0,33;0,61;0,47;0,64;0,69;-0,51;0,86;0,61;0,44;0,62;0,8;0,38;46,1;36,94;24,52;8,39;13,41;9,33
F;24;0,33;0,56;0,5;0,61;0,39;0,67;0,36;0,61;0,56;-1,27;0,78;0,7;0,66;0,58;0,63;0,45;50,15;41,89;36,27;10,63;13,82;12,21
F;20;0,56;0,72;0,78;0,67;0,56;0,72;0,56;0,72;0,72;0,03;0,79;0,5;0,78;0,52;0,59;0,56;64,69;43,98;28,32;;13,96;12,44
F;24;0,5;0,56;0,61;0,44;0,28;0,67;0,39;0,61;0,53;-1,28;0,8;0,41;0,78;0,34;0,73;0,33;63,79;45,68;52,09;9,5;15,8;10,28
M;24;0,83;0,83;0,72;0,5;0,72;0,72;0,78;0,78;0,61;0,44;0,78;0,55;0,9;0,59;0,8;0,72;61,96;35,91;35,95;7,95;11,15;10,85
F;22;0,89;0,89;0,67;0,56;0,67;0,94;0,78;0,92;0,61;0,82;0,9;0,8;0,84;0,56;0,87;0,22;61,1;35,91;34,55;9,01;12,35;11,6
F;29;0,56;0,56;0,61;0,56;0,5;0,61;0,53;0,58;0,58;-0,85;0,4;0,23;0,46;0,41;0,57;0,57;61,02;46,6;32,09;6,57;10,29;10,73
F;23;0,56;0,67;0,89;0,61;0,67;0,67;0,61;0,67;0,75;0,11;0,94;0,55;0,86;0,46;0,74;0,28;64,75;48,31;41,82;7,64;14,67;10,38
F;27;0,67;0,67;0,72;0,61;0,56;0,67;0,61;0,67;0,67;-0,13;0,86;0,77;0,64;0,46;0,75;0,47;63,19;46,5;42,57;9,87;15,97;11,5
F;18;0,61;0,56;0,56;0,5;0,61;0,44;0,61;0,5;0,53;-1,01;0,36;0,59;0,64;0,48;0,66;0,4;52,06;39,13;48,44;9,15;10,83;10,34
F;27;0,67;0,67;0,67;0,61;0,72;0,56;0,69;0,61;0,64;-0,17;0,96;0,75;0,82;0,52;0,9;0,94;56,64;44,18;25,35;8,85;15,68;10,89
F;21;0,72;0,78;0,61;0,67;0,72;0,83;0,72;0,81;0,64;0,45;0,86;0,77;0,92;0,58;0,8;0,61;37,28;31,57;20,27;7,57;12,57;10,61
F;20;0,5;0,72;0,56;0,56;0,72;0,78;0,61;0,75;0,56;-0,24;0,8;0,57;0,76;0,64;0,76;0,62;31,37;30,96;18,44;;12,03;9,72
M;26;0,5;0,78;0,61;0,39;0,67;0,5;0,58;0,64;0,5;-0,79;0,52;0,32;0,34;0,47;0,77;0,52;53,75;34,96;29,62;7,67;8,66;5,72
M;23;0,67;0,78;0,67;0,83;0,72;0,67;0,69;0,72;0,75;0,46;0,94;0,68;0,88;0,62;0,73;0,53;65,54;44,66;37,05;8,54;17,18;11,55
M;26;0,5;0,33;0,78;0,67;0,39;0,56;0,44;0,44;0,72;-1,05;0,61;0,52;0,38;0,41;0,56;0,3;64,8;47,72;56,74;;16,5;12,3
M;24;0,67;0,72;0,44;0,83;0,83;0,61;0,75;0,67;0,64;0,15;0,8;0,82;0,72;0,5;0,95;0,64;61,46;40,67;43,83;7,11;11,5;10,13
M;23;0,78;0,94;0,78;0,67;0,89;0,78;0,83;0,86;0,72;1,12;1;0,75;0,84;0,73;0,96;0,65;65,37;41,7;55,91;8,2;14,7;11,49
F;20;0,89;0,83;0,72;0,78;0,89;0,83;0,89;0,83;0,75;1,28;0,9;0,8;0,98;0,7;0,96;0,75;55,68;47,04;45,33;12,19;15,63;10,28
F;26;0,33;0,67;0,44;0,39;0,39;0,44;0,36;0,56;0,42;-1,82;0,76;0,41;0,59;0,52;0,66;0,23;32,07;31,39;15,14;9,37;14,17;11,44
F;21;0,72;0,72;0,61;0,61;0,67;0,78;0,69;0,75;0,61;0,12;0,74;0,84;0,96;0,93;0,86;0,51;65,39;36,63;52,2;8,94;14,41;9,63
M;26;0,5;0,56;0,44;0,28;0,28;0,33;0,39;0,44;0,36;-2,25;0,74;0,39;0,28;0,23;0,64;0,43;30,59;26,05;26,04;8,34;15,12;9,52
F;23;0,78;0,83;0,61;0,67;0,67;0,67;0,72;0,75;0,64;0,29;0,87;0,68;0,91;0,57;0,85;0,61;34,59;36,99;29,79;;12,79;12,06
F;21;0,67;0,67;0,61;0,61;0,67;0,65;0,67;0,66;0,61;-0,18;0,88;0,61;0,96;0,4;0,81;0,86;34,27;;33,78;8,52;10,69;9,54
F;20;0,39;0,67;0,44;0,44;0,39;0,61;0,39;0,64;0,44;-1,47;0,82;0,48;0,77;0,8;0,66;0,25;35,96;31,77;28,05;8,59;12,53;10,85
F;20;0,56;0,72;0,78;0,72;0,72;0,83;0,64;0,78;0,75;0,49;0,82;0,82;0,75;0,68;0,81;0,64;65,19;48,51;32,03;7,97;12,01;11,76
F;19;0,44;0,72;0,67;0,61;0,67;0,72;0,56;0,72;0,64;-0,21;0,96;0,64;0,84;0,64;0,75;0,78;45,97;25,78;24,7;8,57;12,82;10,83
F;23;0,94;0,83;0,89;0,72;0,94;0,72;0,94;0,78;0,81;1,45;0,96;0,73;0,91;0,49;0,73;0,75;65,14;46,02;40,23;10,01;16,84;11,9
F;22;0,67;0,44;0,72;0,5;0,44;0,39;0,56;0,42;0,61;-1,12;0,87;0,36;0,85;0,27;0,73;0,69;59,56;46,59;40,16;9,39;16,59;11,8
M;20;0,44;0,61;0,72;0,61;0,5;0,72;0,47;0,67;0,67;-0,49;0,73;0,73;0,84;0,62;0,87;0,53;44,66;42,4;30,6;9,76;15,08;10,56
F;20;0,72;0,61;0,61;0,61;0,67;0,72;0,69;0,67;0,61;-0,1;0,9;0,66;0,8;0,53;0,94;0,76;64,16;46,55;31,49;7,29;12,77;9,43
M;24;0,67;0,78;0,67;0,44;0,5;0,67;0,58;0,72;0,56;-0,4;0,77;0,64;0,74;0,43;0,76;0,73;53,08;48,11;39,22;10,32;13,59;12,63
M;31;0,94;0,83;0,61;0,72;0,78;0,67;0,86;0,75;0,67;0,74;0,94;0,73;0,83;0,58;0,88;0,59;46,36;46,44;27,36;9,79;13,85;10,63
M;21;0,89;0,83;0,94;0,89;0,83;1;0,86;0,92;0,92;1,96;0,81;0,89;0,85;0,43;0,96;0,57;45,41;32,46;38,48;7,23;12,4;8,5
F;21;0,5;0,72;0,56;0,56;0,5;0,5;0,5;0,61;0,56;-0,91;0,67;0,61;0,81;0,45;0,7;0,65;49,52;35,06;32,88;8,41;16,1;9,76
F;21;0,39;0,89;0,28;0,44;0,28;0,72;0,33;0,81;0,36;-1,4;0,86;0,5;0,67;0,34;0,37;0,34;37,3;35,97;32,39;9,41;14,88;8,5
F;21;0,72;0,78;0,5;0,61;0,67;0,61;0,69;0,69;0,56;-0,19;0,9;0,75;0,93;0,44;0,96;0,52;30,25;32,9;16,74;9,31;13,3;11,85
F;18;0,83;0,78;0,67;0,67;0,61;0,94;0,72;0,86;0,67;0,68;0,94;0,8;0,96;0,45;0,75;0,56;58,5;34,76;33,4;7,92;13,48;9,74
M;20;0,56;0,78;0,61;0,44;0,39;0,61;0,47;0,69;0,53;-0,85;0,94;0,77;0,76;0,7;1;0,64;55,51;32,58;28,91;9,84;14,73;11,1
M;19;0,94;0,78;0,72;0,61;0,67;0,72;0,81;0,75;0,67;0,61;0,91;0,57;0,8;0,54;0,86;0,73;46,43;39,16;31,71;9,83;11,2;10,94
F;25;0,33;0,61;0,72;0,61;0,44;0,22;0,39;0,42;0,67;-1,38;0,61;0,59;0,64;0,5;0,72;0,33;25,75;21,86;11,8;7,44;10,4;10,73
F;26;0,44;0,56;0,5;0,56;0,56;0,56;0,5;0,56;0,53;-1,13;0,93;0,61;0,91;0,48;0,67;0,29;43,26;30,49;20,18;11,54;15,43;10,1
F;20;0,33;0,78;0,61;0,67;0,56;0,61;0,44;0,69;0,64;-0,6;0,71;0,57;0,82;0,45;0,82;0,62;36,42;33,95;23,12;9,16;14,56;11,13
F;25;0,89;0,89;0,67;0,72;0,89;0,72;0,89;0,81;0,69;1,05;0,94;0,75;0,77;0,86;0,8;0,42;44,84;34,97;37,91;8,02;13,4;12,51
M;24;0,67;0,67;0,39;0,5;0,5;0,89;0,58;0,78;0,44;-0,59;0,82;0,64;0,51;0,66;0,75;0,46;34,04;35,91;30,25;9,43;12,39;11,84
M;22;0,67;0,83;0,83;0,61;0,56;0,83;0,61;0,83;0,72;0,46;0,84;0,66;0,83;0,4;0,63;0,42;52,11;44,29;33,97;9,65;13,62;11,57
